horse,distance,es_finishtime,first,firstthree,act_first,act_fthree
LITTLE GIANT (V342),1000,17.44246694,0,1,0,0
RATTAN (A061),1000,17.58631679,0,0,0,0
WISHFUL THINKER (B180),1000,17.61493747,0,0,0,1
GUNNISON (A377),1000,17.58555862,0,0,0,0
FULL OF BEAUTY (C003),1000,17.32790287,0,1,1,1
JOLLY BANNER (V077),1000,17.24600205,1,1,0,1
SAUL'S SPECIAL (A293),1000,17.56851496,0,0,0,0
